{"2026-02-03": {"val": 53487.120026200006, "pnl": -12636.879973799994}}