{"2026-02-03": {"val": 53491.3772618, "pnl": -12632.6227382}}